Names,Sex
Мария,Ж
Анастасия,Ж
Анна,Ж
Варвара,Ж
Виктория,Ж
Амелия,Ж
Камила,Ж
Евангелина,Ж
Альбина,Ж
Владислава,Ж
Айлин,Ж
Евдокия,Ж
Марьям,Ж
Лейла,Ж
Мелисса,Ж
Амира,Ж
Оливия,Ж
Виталина,Ж
Станислава,Ж
Марьяна,Ж
Фатима,Ж
Влада,Ж
Дана,Ж
София,Ж
Елизавета,Ж
Алиса,Ж
Дарья,Ж
Александра,Ж
Полина,Ж
Ксения,Ж
Валерия,Ж
Екатерина,Ж
Арина,Ж
Вероника,Ж
Софья,Ж
Василиса,Ж
Милана,Ж
Ульяна,Ж
Ева,Ж
Кира,Ж
Вера,Ж
Маргарита,Ж
Таисия,Ж
Алёна,Ж
Кристина,Ж
Алина,Ж
Юлия,Ж
Елена,Ж
Диана,Ж
Амина,Ж
Ольга,Ж
Стефания,Ж
Евгения,Ж
Майя,Ж
Ангелина,Ж
Надежда,Ж
Яна,Ж
Марина,Ж
Есения,Ж
Татьяна,Ж
Эмилия,Ж
Мирослава,Ж
Элина,Ж
Злата,Ж
Агата,Ж
Ирина,Ж
Ярослава,Ж
Сафия,Ж
Аделина,Ж
Антонина,Ж
Ясмина,Ж
Любовь,Ж
Нина,Ж
Олеся,Ж
Светлана,Ж
Ника,Ж
Николь,Ж
Карина,Ж
Алия,Ж
Лидия,Ж
Дарина,Ж
Милена,Ж
Лилия,Ж
Мила,Ж
Камилла,Ж
Зоя,Ж
Амалия,Ж
Ариана,Ж
Марианна,Ж
Виолетта,Ж
Каролина,Ж
Аиша,Ж
Марта,Ж
Аглая,Ж
Самира,Ж
Эмма,Ж
Малика,Ж
Раяна,Ж
Эвелина,Ж
Наталья,Ж
Анжелика,Ж
Асия,Ж
Аяна,Ж
Агния,Ж
Милослава,Ж
Алисия,Ж
Сабина,Ж
Валентина,Ж
Юлиана,Ж
Мира,Ж
Мадина,Ж
Лада,Ж
Наталия,Ж
Алсу,Ж
Зарина,Ж
Серафима,Ж
Мариам,Ж
Пелагея,Ж
Тамара,Ж
Лина,Ж
Медина,Ж
Мелания,Ж
Анфиса,Ж
Марфа,Ж
Моника,Ж
Сумая,Ж
Алеся,Ж
Хадиджа,Ж
Мия,Ж
Аврора,Ж
Анисия,Ж
Луиза,Ж
Нелли,Ж
Жасмин,Ж
Лиана,Ж
Снежана,Ж
Адель,Ж
Даниэла,Ж
Людмила,Ж
Ясмин,Ж
Алла,Ж
Сумайя,Ж
Аниса,Ж
Жасмина,Ж
Арууке,Ж
Аделя,Ж
Василина,Ж
Дина,Ж
Катерина,Ж
Алена,Ж
Элиза,Ж
Сара,Ж
Зайнаб,Ж
Муслима,Ж
Лея,Ж
Теона,Ж
Элеонора,Ж
Лия,Ж
Аида,Ж
Афина,Ж
Ани,Ж
Глафира,Ж
Хадижа,Ж
Изабелла,Ж
Галина,Ж
Аксинья,Ж
Белла,Ж
Айша,Ж
Рада,Ж
Саида,Ж
Доминика,Ж
Ася,Ж
Сабрина,Ж
Мариям,Ж
Регина,Ж
Салима,Ж
Салиха,Ж
Арианна,Ж
Соня,Ж
Сафина,Ж
Адриана,Ж
Аруузат,Ж
Мишель,Ж
Дария,Ж
Альфия,Ж
Тея,Ж
Миа,Ж
Айбийке,Ж
Ясина,Ж
Мария ,Ж
Луна,Ж
Златослава,Ж
Азалия,Ж
Эмили,Ж
Хадича,Ж
Айла,Ж
Аарон,М
Абдулла,М
Абдуллах,М
Абубакр,М
Адам,М
Адриан,М
Айдар,М
Аким,М
Алан,М
Алекс,М
Александр,М
Алексей,М
Али,М
Алим,М
Алинур,М
Алихан,М
Альберт,М
Амин,М
Амир,М
Амирхан,М
Анатолий,М
Андрей,М
Антон,М
Ариет,М
Аркадий,М
Армен,М
Арсен,М
Арсений,М
Арслан,М
Артем,М
Артём,М
Артемий,М
Артур,М
Архип,М
Аслан,М
Ахмад,М
Ахмед,М
Билал,М
Богдан,М
Борис,М
Булат,М
Вадим,М
Валерий,М
Василий,М
Виктор,М
Виталий,М
Владимир,М
Владислав,М
Всеволод,М
Вячеслав,М
Гавриил,М
Геннадий,М
Георгий,М
Герман,М
Глеб,М
Гордей,М
Григорий,М
Давид,М
Дамир,М
Даниил,М
Дан,М
Данил,М
Данила,М
Даниль,М
Данис,М
Даниэль,М
Даниял,М
Данияр,М
Даян,М
Демид,М
Демьян,М
Денис,М
Дмитрий,М
Добрыня,М
Евгений,М
Егор,М
Елисей,М
Ефим,М
Захар,М
Ибрагим,М
Иван,М
Игнат,М
Игорь,М
Идрис,М
Илья,М
Ильяс,М
Имран,М
Иса,М
Ислам,М
Исмаил,М
Камиль,М
Карим,М
Кирилл,М
Клим,М
Константин,М
Кузьма,М
Лев,М
Левон,М
Леон,М
Леонид,М
Лука,М
Магомед,М
Макар,М
Максим,М
Максимилиан,М
Мансур,М
Марат,М
Марк,М
Марсель,М
Мартин,М
Матвей,М
Микаил,М
Микаэль,М
Мирон,М
Мирослав,М
Михаил,М
Мурад,М
Муса,М
Муслим,М
Мустафа,М
Мухаммад,М
Мухаммаджон,М
Мухаммед,М
Назар,М
Никита,М
Николай,М
Нурислам,М
Олег,М
Омар,М
Оскар,М
Осман,М
Павел,М
Петр,М
Пётр,М
Платон,М
Прохор,М
Рамазан,М
Рамзан,М
Рамиль,М
Расул,М
Ратмир,М
Рафаэль,М
Роберт,М
Родион,М
Роман,М
рослав,М
Ростислав,М
Руслан,М
Рустам,М
Савва,М
Савелий,М
Саид,М
Самир,М
Святослав,М
Семён,М
Серафим,М
Сергей,М
Станислав,М
Степан,М
Стефан,М
Сулейман,М
Тамерлан,М
Теодор,М
Тигран,М
Тимофей,М
Тимур,М
Тихон,М
Умар,М
Усман,М
Федор,М
Фёдор,М
Феликс,М
Филипп,М
Халид,М
Хамза,М
Шамиль,М
Эдуард,М
Эльдар,М
Эмиль,М
Эмин,М
Эмир,М
Эмирхан,М
Эрик,М
Юрий,М
Юсуф,М
Яков,М
Ян,М
Яромир,М
Ярослав,М